{"WU": {"OH WR": {"\u03bc": 51.09888888888889, "\u03c3": 4.218253836849883}, "GIH WR": {"\u03bc": 54.60102040816327, "\u03c3": 3.5145904309809257}, "IWD": {"\u03bc": 4.574672897196263, "\u03c3": 3.3853271402147804}}, "WB": {"OH WR": {"\u03bc": 54.21340206185569, "\u03c3": 4.428856380415407}, "GIH WR": {"\u03bc": 54.82336448598131, "\u03c3": 3.518458122351147}, "IWD": {"\u03bc": 1.675416666666667, "\u03c3": 3.4358562484076978}}, "WR": {"OH WR": {"\u03bc": 56.609183673469374, "\u03c3": 4.235517623348135}, "GIH WR": {"\u03bc": 55.063106796116514, "\u03c3": 3.894182623989654}, "IWD": {"\u03bc": -1.143303571428571, "\u03c3": 3.1385973858877683}}, "WG": {"OH WR": {"\u03bc": 54.19090909090908, "\u03c3": 4.008679747119725}, "GIH WR": {"\u03bc": 54.883783783783784, "\u03c3": 3.4956225016399105}, "IWD": {"\u03bc": 1.7806504065040656, "\u03c3": 3.5385042864325404}}, "UB": {"OH WR": {"\u03bc": 53.88019801980197, "\u03c3": 4.558943333407842}, "GIH WR": {"\u03bc": 57.33684210526313, "\u03c3": 3.436804491881976}, "IWD": {"\u03bc": 4.059500000000001, "\u03c3": 3.452555780384535}}, "UR": {"OH WR": {"\u03bc": 54.34020618556705, "\u03c3": 3.788225376595123}, "GIH WR": {"\u03bc": 57.523584905660385, "\u03c3": 3.150278570694933}, "IWD": {"\u03bc": 4.347168141592919, "\u03c3": 2.8001117136458227}}, "UG": {"OH WR": {"\u03bc": 53.06511627906974, "\u03c3": 4.356758114188686}, "GIH WR": {"\u03bc": 56.243269230769215, "\u03c3": 3.393794235384665}, "IWD": {"\u03bc": 4.734016393442626, "\u03c3": 3.7011977812763117}}, "BR": {"OH WR": {"\u03bc": 56.88596491228072, "\u03c3": 4.1787658127809815}, "GIH WR": {"\u03bc": 56.70086956521735, "\u03c3": 3.6937195969980774}, "IWD": {"\u03bc": -0.07674418604651163, "\u03c3": 3.2780224618114833}}, "BG": {"OH WR": {"\u03bc": 56.07833333333338, "\u03c3": 4.0208660620429635}, "GIH WR": {"\u03bc": 56.824242424242435, "\u03c3": 3.319709763055718}, "IWD": {"\u03bc": 1.3794482758620688, "\u03c3": 3.477248967971038}}, "RG": {"OH WR": {"\u03bc": 56.28095238095238, "\u03c3": 3.62205138503413}, "GIH WR": {"\u03bc": 56.092792792792785, "\u03c3": 3.614079367942255}, "IWD": {"\u03bc": 0.3822480620155038, "\u03c3": 3.1594890275500913}}, "all": {"OH WR": {"\u03bc": 54.345390070922, "\u03c3": 4.5531841430753115}, "GIH WR": {"\u03bc": 55.67231833910037, "\u03c3": 3.507115133984066}, "IWD": {"\u03bc": 1.6466666666666674, "\u03c3": 3.432683810168011}}}